{"is_source_file": true, "format": "Python", "description": "This file sets up a FastAPI application with CORS middleware and a simple health check endpoint.", "external_files": ["fastapi", "fastapi.middleware.cors"], "external_methods": ["FastAPI", "CORSMiddleware"], "published": ["app"], "classes": [], "methods": [{"name": "health_check()", "description": "A GET endpoint at '/' that returns a health status message.", "scope": "", "scopeKind": ""}], "calls": ["fastapi.FastAPI", "fastapi.middleware.cors.CORSMiddleware", "app.add_middleware", "app.get"], "search-terms": ["FastAPI", "CORS middleware", "health check endpoint", "main.py"], "state": 2, "file_id": 1, "knowledge_revision": 9, "git_revision": "740144378e8fbacc2e47a92d3825d85fb00b50e6", "ctags": [{"_type": "tag", "name": "app", "path": "/home/kavia/workspace/code-generation/scalable-clean-architecture-template-233876-233885/backend_api/src/api/main.py", "pattern": "/^app = FastAPI()$/", "language": "Python", "kind": "variable"}, {"_type": "tag", "name": "health_check", "path": "/home/kavia/workspace/code-generation/scalable-clean-architecture-template-233876-233885/backend_api/src/api/main.py", "pattern": "/^def health_check():$/", "language": "Python", "kind": "function", "signature": "()"}], "hash": "58352bf5f133908bab16643199aa483d", "format-version": 4, "code-base-name": "backend_api", "filename": "backend_api/src/api/main.py", "fields": [{"name": "app = FastAPI()", "scope": "", "scopeKind": "", "description": "unavailable"}], "revision_history": [{"9": "740144378e8fbacc2e47a92d3825d85fb00b50e6"}]}