{"is_source_file": false, "format": "", "description": "", "external_files": [], "external_methods": [], "published": [], "classes": [], "methods": [], "calls": [], "search-terms": ["scalable-clean-architecture-template", "README.md"], "state": 2, "file_id": 4, "knowledge_revision": 7, "git_revision": "90aa7929c94db0f41fd8091fb9a701983522b801", "hash": "22a90fb06a46f0fa3bff33af61022ee6", "format-version": 4, "code-base-name": "backend_api", "filename": "README.md", "revision_history": [{"7": "90aa7929c94db0f41fd8091fb9a701983522b801"}]}